Log Date,Log Submission Date,Log Type,Logged in Username,Device Users,Device ID,Message,App Version,CommCare Version
"Jan 25, 2017 22:08 CST","Jan 27, 2017 17:57 CST",form-entry,atvae272,atvae272,866836020291621,Form Entry Starting|http://openrosa.org/formdesigner/KAWOK3_ACTIVIDAD_KAWOK3_REGISTRAR_LLAMADAS,unknown,2.30.0
"Jan 25, 2017 22:11 CST","Jan 27, 2017 17:57 CST",form-entry,atvae272,atvae272,866836020291621,Saving form without firing triggers.,unknown,2.30.0
"Jan 25, 2017 22:11 CST","Jan 27, 2017 17:57 CST",form-entry,atvae272,atvae272,866836020291621,Form Entry Completed,unknown,2.30.0
"Jan 25, 2017 22:11 CST","Jan 27, 2017 17:57 CST",form-entry,atvae272,atvae272,866836020291621,Form Entry Completed,unknown,2.30.0
"Jan 25, 2017 22:11 CST","Jan 27, 2017 17:57 CST",form-entry,atvae272,atvae272,866836020291621,Form Entry Starting|http://openrosa.org/formdesigner/KAWOK3_PERSONA_KAWOK3_CONSULTA_EMBARAZO,unknown,2.30.0
"Jan 25, 2017 22:11 CST","Jan 27, 2017 17:57 CST",form-entry,atvae272,atvae272,866836020291621,Form Entry Cancelled,unknown,2.30.0
"Jan 25, 2017 22:11 CST","Jan 27, 2017 17:57 CST",form-entry,atvae272,atvae272,866836020291621,Form Entry Starting|http://openrosa.org/formdesigner/KAWOK3_PERSONA_KAWOK3_ACTUALIZAR_PERSONA,unknown,2.30.0
"Jan 25, 2017 22:12 CST","Jan 27, 2017 17:57 CST",form-entry,atvae272,atvae272,866836020291621,Form Entry Cancelled,unknown,2.30.0
"Jan 25, 2017 22:12 CST","Jan 27, 2017 17:57 CST",form-entry,atvae272,atvae272,866836020291621,Form Entry Starting|http://openrosa.org/formdesigner/KAWOK3_PERSONA_KAWOK3_CONSULTA_EMBARAZO,unknown,2.30.0
"Jan 25, 2017 22:12 CST","Jan 27, 2017 17:57 CST",form-entry,atvae272,atvae272,866836020291621,Form Entry Cancelled,unknown,2.30.0
"Jan 25, 2017 22:12 CST","Jan 27, 2017 17:57 CST",form-entry,atvae272,atvae272,866836020291621,Form Entry Starting|http://openrosa.org/formdesigner/KAWOK3_PERSONA_KAWOK3_CONSULTA_EMBARAZO,unknown,2.30.0
"Jan 25, 2017 22:14 CST","Jan 27, 2017 17:57 CST",form-entry,atvae272,atvae272,866836020291621,Saving form without firing triggers.,unknown,2.30.0
"Jan 25, 2017 22:14 CST","Jan 27, 2017 17:57 CST",form-entry,atvae272,atvae272,866836020291621,Form Entry Completed,unknown,2.30.0
"Jan 25, 2017 22:14 CST","Jan 27, 2017 17:57 CST",form-entry,atvae272,atvae272,866836020291621,Form Entry Completed,unknown,2.30.0
"Jan 25, 2017 22:15 CST","Jan 27, 2017 17:57 CST",form-entry,atvae272,atvae272,866836020291621,Form Entry Starting|http://openrosa.org/formdesigner/KAWOK3_PERSONA_KAWOK3_ACTUALIZAR_PERSONA,unknown,2.30.0
"Jan 25, 2017 22:16 CST","Jan 27, 2017 17:57 CST",form-entry,atvae272,atvae272,866836020291621,Saving form without firing triggers.,unknown,2.30.0
"Jan 25, 2017 22:16 CST","Jan 27, 2017 17:57 CST",form-entry,atvae272,atvae272,866836020291621,Form Entry Completed,unknown,2.30.0
"Jan 25, 2017 22:16 CST","Jan 27, 2017 17:57 CST",form-entry,atvae272,atvae272,866836020291621,Form Entry Completed,unknown,2.30.0
"Jan 25, 2017 22:16 CST","Jan 27, 2017 17:57 CST",form-entry,atvae272,atvae272,866836020291621,Form Entry Starting|http://openrosa.org/formdesigner/KAWOK3_PERSONA_KAWOK3_AGREGAR_PERSONA,unknown,2.30.0
"Jan 25, 2017 22:19 CST","Jan 27, 2017 17:57 CST",form-entry,atvae272,atvae272,866836020291621,Saving form without firing triggers.,unknown,2.30.0
"Jan 25, 2017 22:19 CST","Jan 27, 2017 17:57 CST",form-entry,atvae272,atvae272,866836020291621,Form Entry Completed,unknown,2.30.0
"Jan 25, 2017 22:19 CST","Jan 27, 2017 17:57 CST",form-entry,atvae272,atvae272,866836020291621,Form Entry Completed,unknown,2.30.0
"Jan 25, 2017 22:20 CST","Jan 27, 2017 17:57 CST",form-entry,atvae272,atvae272,866836020291621,Form Entry Starting|http://openrosa.org/formdesigner/KAWOK3_PERSONA_KAWOK3_AGREGAR_PERSONA,unknown,2.30.0
"Jan 25, 2017 22:21 CST","Jan 27, 2017 17:57 CST",form-entry,atvae272,atvae272,866836020291621,Form Entry Starting|http://openrosa.org/formdesigner/KAWOK3_PERSONA_KAWOK3_AGREGAR_PERSONA,unknown,2.30.0
"Jan 25, 2017 22:21 CST","Jan 27, 2017 17:57 CST",form-entry,atvae272,atvae272,866836020291621,Form Entry Starting|http://openrosa.org/formdesigner/KAWOK3_PERSONA_KAWOK3_AGREGAR_PERSONA,unknown,2.30.0
"Jan 25, 2017 22:22 CST","Jan 27, 2017 17:57 CST",form-entry,atvae272,atvae272,866836020291621,Form Entry Starting|http://openrosa.org/formdesigner/KAWOK3_PERSONA_KAWOK3_AGREGAR_PERSONA,unknown,2.30.0
"Jan 25, 2017 22:23 CST","Jan 27, 2017 17:57 CST",form-entry,atvae272,atvae272,866836020291621,Form Entry Starting|http://openrosa.org/formdesigner/KAWOK3_PERSONA_KAWOK3_AGREGAR_PERSONA,unknown,2.30.0
"Jan 25, 2017 22:24 CST","Jan 27, 2017 17:57 CST",form-entry,atvae272,atvae272,866836020291621,Form Entry Starting|http://openrosa.org/formdesigner/KAWOK3_PERSONA_KAWOK3_ACTUALIZAR_PERSONA,unknown,2.30.0
"Jan 25, 2017 22:25 CST","Jan 27, 2017 17:57 CST",form-entry,atvae272,atvae272,866836020291621,Form Entry Starting|http://openrosa.org/formdesigner/KAWOK3_PERSONA_KAWOK3_ACTUALIZAR_PERSONA,unknown,2.30.0
"Jan 25, 2017 22:25 CST","Jan 27, 2017 17:57 CST",form-entry,atvae272,atvae272,866836020291621,Form Entry Cancelled,unknown,2.30.0
"Feb 10, 2017 16:25 CST","Feb 14, 2017 10:14 CST",form-entry,atvae272,atvae272,866836020291621,Form Entry Starting|http://openrosa.org/formdesigner/KAWOK3_ACTIVIDAD_KAWOK3_REGISTRAR_LLAMADAS,unknown,2.30.0
"Feb 10, 2017 16:27 CST","Feb 14, 2017 10:14 CST",form-entry,atvae272,atvae272,866836020291621,Saving form without firing triggers.,unknown,2.30.0
"Feb 10, 2017 16:27 CST","Feb 14, 2017 10:14 CST",form-entry,atvae272,atvae272,866836020291621,Form Entry Completed,unknown,2.30.0
"Feb 10, 2017 16:27 CST","Feb 14, 2017 10:14 CST",form-entry,atvae272,atvae272,866836020291621,Form Entry Completed,unknown,2.30.0
"Feb 10, 2017 16:27 CST","Feb 14, 2017 10:14 CST",form-entry,atvae272,atvae272,866836020291621,Form Entry Starting|http://openrosa.org/formdesigner/KAWOK3_ACTIVIDAD_KAWOK3_REGISTRAR_LLAMADAS,unknown,2.30.0
"Feb 10, 2017 16:29 CST","Feb 14, 2017 10:14 CST",form-entry,atvae272,atvae272,866836020291621,Saving form without firing triggers.,unknown,2.30.0
"Feb 10, 2017 16:29 CST","Feb 14, 2017 10:14 CST",form-entry,atvae272,atvae272,866836020291621,Form Entry Completed,unknown,2.30.0
"Feb 10, 2017 16:29 CST","Feb 14, 2017 10:14 CST",form-entry,atvae272,atvae272,866836020291621,Form Entry Completed,unknown,2.30.0
"Feb 15, 2017 12:00 CST","Feb 16, 2017 18:31 CST",form-entry,atvae272,atvae272,866836020291621,Form Entry Starting|http://openrosa.org/formdesigner/KAWOK3_PERSONA_KAWOK3_CONSULTA_EMBARAZO,31,2.30.0
"Feb 15, 2017 12:02 CST","Feb 16, 2017 18:31 CST",form-entry,atvae272,atvae272,866836020291621,Saving form without firing triggers.,31,2.30.0
"Feb 15, 2017 12:02 CST","Feb 16, 2017 18:31 CST",form-entry,atvae272,atvae272,866836020291621,Form Entry Completed,31,2.30.0
"Feb 15, 2017 12:02 CST","Feb 16, 2017 18:31 CST",form-entry,atvae272,atvae272,866836020291621,Form Entry Completed,31,2.30.0
"Feb 17, 2017 21:49 CST","Feb 19, 2017 11:13 CST",form-entry,atvae272,atvae272,866836020291621,Form Entry Starting|http://openrosa.org/formdesigner/KAWOK3_NINGUNO_KAWOK3_SOBRE_EMBARAZO,unknown,2.30.0
"Feb 17, 2017 21:53 CST","Feb 19, 2017 11:13 CST",form-entry,atvae272,atvae272,866836020291621,Saving form without firing triggers.,unknown,2.30.0
"Feb 17, 2017 21:53 CST","Feb 19, 2017 11:13 CST",form-entry,atvae272,atvae272,866836020291621,Form Entry Completed,unknown,2.30.0
"Feb 17, 2017 21:53 CST","Feb 19, 2017 11:13 CST",form-entry,atvae272,atvae272,866836020291621,Form Entry Completed,unknown,2.30.0
"Feb 17, 2017 21:59 CST","Feb 19, 2017 11:13 CST",form-entry,atvae272,atvae272,866836020291621,Form Entry Starting|http://openrosa.org/formdesigner/KAWOK3_NINGUNO_KAWOK3_SOBRE_EMBARAZO,unknown,2.30.0
"Feb 17, 2017 22:29 CST","Feb 19, 2017 11:13 CST",form-entry,atvae272,atvae272,866836020291621,Form Entry Cancelled,unknown,2.30.0
"Feb 21, 2017 14:30 CST","Feb 26, 2017 20:30 CST",form-entry,atvae272,atvae272,866836020291621,Form Entry Starting|http://openrosa.org/formdesigner/KAWOK3_NINGUNO_KAWOK3_SOBRE_EMBARAZO,unknown,2.30.0
"Feb 21, 2017 14:30 CST","Feb 26, 2017 20:30 CST",form-entry,atvae272,atvae272,866836020291621,Form Entry Cancelled,unknown,2.30.0
"Feb 21, 2017 14:30 CST","Feb 26, 2017 20:30 CST",form-entry,atvae272,atvae272,866836020291621,Form Entry Starting|http://openrosa.org/formdesigner/KAWOK3_NINGUNO_KAWOK3_SOBRE_NINO,unknown,2.30.0
"Feb 21, 2017 14:32 CST","Feb 26, 2017 20:30 CST",form-entry,atvae272,atvae272,866836020291621,Form Entry Cancelled,unknown,2.30.0
"Feb 21, 2017 14:32 CST","Feb 26, 2017 20:30 CST",form-entry,atvae272,atvae272,866836020291621,Form Entry Starting|http://openrosa.org/formdesigner/KAWOK3_NINGUNO_KAWOK3_SOBRE_NINO,unknown,2.30.0
"Feb 21, 2017 14:32 CST","Feb 26, 2017 20:30 CST",form-entry,atvae272,atvae272,866836020291621,Form Entry Cancelled,unknown,2.30.0
"Feb 21, 2017 16:45 CST","Feb 26, 2017 20:30 CST",form-entry,atvae272,atvae272,866836020291621,Form Entry Starting|http://openrosa.org/formdesigner/KAWOK3_PERSONA_KAWOK3_ACTUALIZAR_PERSONA,unknown,2.30.0
"Feb 21, 2017 16:46 CST","Feb 26, 2017 20:30 CST",form-entry,atvae272,atvae272,866836020291621,Form Entry Cancelled,unknown,2.30.0
"Feb 21, 2017 16:46 CST","Feb 26, 2017 20:30 CST",form-entry,atvae272,atvae272,866836020291621,Form Entry Starting|http://openrosa.org/formdesigner/KAWOK3_PERSONA_KAWOK3_CONSULTA_EMBARAZO,unknown,2.30.0
"Feb 21, 2017 16:46 CST","Feb 26, 2017 20:30 CST",form-entry,atvae272,atvae272,866836020291621,Form Entry Cancelled,unknown,2.30.0
"Feb 21, 2017 16:46 CST","Feb 26, 2017 20:30 CST",form-entry,atvae272,atvae272,866836020291621,Form Entry Starting|http://openrosa.org/formdesigner/KAWOK3_PERSONA_KAWOK3_CONSULTA_EMBARAZO,unknown,2.30.0
"Feb 21, 2017 16:46 CST","Feb 26, 2017 20:30 CST",form-entry,atvae272,atvae272,866836020291621,Form Entry Cancelled,unknown,2.30.0
"Feb 21, 2017 16:46 CST","Feb 26, 2017 20:30 CST",form-entry,atvae272,atvae272,866836020291621,Form Entry Starting|http://openrosa.org/formdesigner/KAWOK3_PERSONA_KAWOK3_ACTUALIZAR_PERSONA,unknown,2.30.0
"Feb 21, 2017 16:47 CST","Feb 26, 2017 20:30 CST",form-entry,atvae272,atvae272,866836020291621,Form Entry Cancelled,unknown,2.30.0
"Feb 21, 2017 16:51 CST","Feb 26, 2017 20:30 CST",form-entry,atvae272,atvae272,866836020291621,Form Entry Starting|http://openrosa.org/formdesigner/KAWOK3_PERSONA_KAWOK3_ACTUALIZAR_PERSONA,unknown,2.30.0
"Feb 21, 2017 16:51 CST","Feb 26, 2017 20:30 CST",form-entry,atvae272,atvae272,866836020291621,Form Entry Cancelled,unknown,2.30.0
"Feb 21, 2017 17:04 CST","Feb 26, 2017 20:30 CST",form-entry,atvae272,atvae272,866836020291621,Form Entry Starting|http://openrosa.org/formdesigner/KAWOK3_PERSONA_KAWOK3_ACTUALIZAR_PERSONA,unknown,2.30.0
"Feb 21, 2017 17:05 CST","Feb 26, 2017 20:30 CST",form-entry,atvae272,atvae272,866836020291621,Form Entry Cancelled,unknown,2.30.0
"Feb 21, 2017 17:05 CST","Feb 26, 2017 20:30 CST",form-entry,atvae272,atvae272,866836020291621,Form Entry Starting|http://openrosa.org/formdesigner/KAWOK3_NINGUNO_KAWOK3_CERRAR_CASO,unknown,2.30.0
"Feb 21, 2017 17:05 CST","Feb 26, 2017 20:30 CST",form-entry,atvae272,atvae272,866836020291621,Form Entry Cancelled,unknown,2.30.0
"Feb 21, 2017 17:05 CST","Feb 26, 2017 20:30 CST",form-entry,atvae272,atvae272,866836020291621,Form Entry Starting|http://openrosa.org/formdesigner/KAWOK3_PERSONA_KAWOK3_CONSULTA_EMBARAZO,unknown,2.30.0
"Feb 21, 2017 17:06 CST","Feb 26, 2017 20:30 CST",form-entry,atvae272,atvae272,866836020291621,Form Entry Cancelled,unknown,2.30.0
"Feb 21, 2017 17:06 CST","Feb 26, 2017 20:30 CST",form-entry,atvae272,atvae272,866836020291621,Form Entry Starting|http://openrosa.org/formdesigner/KAWOK3_PERSONA_KAWOK3_ACTUALIZAR_PERSONA,unknown,2.30.0
"Feb 21, 2017 17:07 CST","Feb 26, 2017 20:30 CST",form-entry,atvae272,atvae272,866836020291621,Form Entry Cancelled,unknown,2.30.0
"Feb 21, 2017 17:07 CST","Feb 26, 2017 20:30 CST",form-entry,atvae272,atvae272,866836020291621,Form Entry Starting|http://openrosa.org/formdesigner/KAWOK3_PERSONA_KAWOK3_CONSULTA_EMBARAZO,unknown,2.30.0
"Feb 21, 2017 17:09 CST","Feb 26, 2017 20:30 CST",form-entry,atvae272,atvae272,866836020291621,Saving form without firing triggers.,unknown,2.30.0
"Feb 21, 2017 17:09 CST","Feb 26, 2017 20:30 CST",form-entry,atvae272,atvae272,866836020291621,Form Entry Completed,unknown,2.30.0
"Feb 21, 2017 17:09 CST","Feb 26, 2017 20:30 CST",form-entry,atvae272,atvae272,866836020291621,Form Entry Completed,unknown,2.30.0
"Mar 03, 2017 20:26 CST","Mar 05, 2017 12:47 CST",form-entry,atvae272,atvae272,866836020291621,Form Entry Starting|http://openrosa.org/formdesigner/KAWOK3_ACTIVIDAD_KAWOK3_REGISTRAR_LLAMADAS,unknown,2.33.0
"Mar 03, 2017 20:28 CST","Mar 05, 2017 12:47 CST",form-entry,atvae272,atvae272,866836020291621,Form Entry Completed,unknown,2.33.0
"Mar 03, 2017 20:28 CST","Mar 05, 2017 12:47 CST",form-entry,atvae272,atvae272,866836020291621,Form Entry Completed,unknown,2.33.0
"Mar 03, 2017 20:28 CST","Mar 05, 2017 12:47 CST",form-entry,atvae272,atvae272,866836020291621,Form Entry Starting|http://openrosa.org/formdesigner/KAWOK3_ACTIVIDAD_KAWOK3_REGISTRAR_LLAMADAS,unknown,2.33.0
"Mar 03, 2017 20:29 CST","Mar 05, 2017 12:47 CST",form-entry,atvae272,atvae272,866836020291621,Form Entry Completed,unknown,2.33.0
"Mar 03, 2017 20:29 CST","Mar 05, 2017 12:47 CST",form-entry,atvae272,atvae272,866836020291621,Form Entry Completed,unknown,2.33.0
"Mar 03, 2017 20:30 CST","Mar 05, 2017 12:47 CST",form-entry,atvae272,atvae272,866836020291621,Form Entry Starting|http://openrosa.org/formdesigner/KAWOK3_ACTIVIDAD_KAWOK3_REGISTRAR_LLAMADAS,unknown,2.33.0
"Mar 03, 2017 20:32 CST","Mar 05, 2017 12:47 CST",form-entry,atvae272,atvae272,866836020291621,Form Entry Completed,unknown,2.33.0
"Mar 03, 2017 20:32 CST","Mar 05, 2017 12:47 CST",form-entry,atvae272,atvae272,866836020291621,Form Entry Completed,unknown,2.33.0
"Mar 03, 2017 22:26 CST","Mar 05, 2017 12:47 CST",form-entry,atvae272,atvae272,866836020291621,Form Entry Starting|http://openrosa.org/formdesigner/KAWOK3_ACTIVIDAD_KAWOK3_REGISTRAR_LLAMADAS,unknown,2.33.0
"Mar 03, 2017 22:27 CST","Mar 05, 2017 12:47 CST",form-entry,atvae272,atvae272,866836020291621,Form Entry Cancelled,unknown,2.33.0
"Mar 03, 2017 22:27 CST","Mar 05, 2017 12:47 CST",form-entry,atvae272,atvae272,866836020291621,Form Entry Starting|http://openrosa.org/formdesigner/KAWOK3_ACTIVIDAD_KAWOK3_REGISTRAR_LLAMADAS,unknown,2.33.0
"Mar 03, 2017 22:31 CST","Mar 05, 2017 12:47 CST",form-entry,atvae272,atvae272,866836020291621,Form Entry Completed,unknown,2.33.0
"Mar 03, 2017 22:31 CST","Mar 05, 2017 12:47 CST",form-entry,atvae272,atvae272,866836020291621,Form Entry Completed,unknown,2.33.0
"Mar 03, 2017 22:31 CST","Mar 05, 2017 12:47 CST",form-entry,atvae272,atvae272,866836020291621,Form Entry Starting|http://openrosa.org/formdesigner/KAWOK3_ACTIVIDAD_KAWOK3_REGISTRAR_LLAMADAS,unknown,2.33.0
"Mar 03, 2017 22:34 CST","Mar 05, 2017 12:47 CST",form-entry,atvae272,atvae272,866836020291621,Form Entry Completed,unknown,2.33.0
"Mar 03, 2017 22:34 CST","Mar 05, 2017 12:47 CST",form-entry,atvae272,atvae272,866836020291621,Form Entry Completed,unknown,2.33.0
"Mar 03, 2017 22:34 CST","Mar 05, 2017 12:47 CST",form-entry,atvae272,atvae272,866836020291621,Form Entry Starting|http://openrosa.org/formdesigner/KAWOK3_ACTIVIDAD_KAWOK3_REGISTRAR_LLAMADAS,unknown,2.33.0
"Mar 03, 2017 22:37 CST","Mar 05, 2017 12:47 CST",form-entry,atvae272,atvae272,866836020291621,Form Entry Completed,unknown,2.33.0
"Mar 03, 2017 22:37 CST","Mar 05, 2017 12:47 CST",form-entry,atvae272,atvae272,866836020291621,Form Entry Completed,unknown,2.33.0
"Mar 03, 2017 22:37 CST","Mar 05, 2017 12:47 CST",form-entry,atvae272,atvae272,866836020291621,Form Entry Starting|http://openrosa.org/formdesigner/KAWOK3_ACTIVIDAD_KAWOK3_REGISTRAR_LLAMADAS,unknown,2.33.0
"Mar 03, 2017 22:38 CST","Mar 05, 2017 12:47 CST",form-entry,atvae272,atvae272,866836020291621,Form Entry Completed,unknown,2.33.0
"Mar 03, 2017 22:38 CST","Mar 05, 2017 12:47 CST",form-entry,atvae272,atvae272,866836020291621,Form Entry Completed,unknown,2.33.0
"Mar 03, 2017 22:39 CST","Mar 05, 2017 12:47 CST",form-entry,atvae272,atvae272,866836020291621,Form Entry Starting|http://openrosa.org/formdesigner/KAWOK3_NINGUNO_KAWOK3_SOBRE_EMBARAZO,unknown,2.33.0
"Mar 03, 2017 22:39 CST","Mar 05, 2017 12:47 CST",form-entry,atvae272,atvae272,866836020291621,Form Entry Cancelled,unknown,2.33.0
"Mar 03, 2017 22:39 CST","Mar 05, 2017 12:47 CST",form-entry,atvae272,atvae272,866836020291621,Form Entry Starting|http://openrosa.org/formdesigner/KAWOK3_ACTIVIDAD_KAWOK3_REGISTRAR_LLAMADAS,unknown,2.33.0
"Mar 03, 2017 22:42 CST","Mar 05, 2017 12:47 CST",form-entry,atvae272,atvae272,866836020291621,Form Entry Completed,unknown,2.33.0
"Mar 03, 2017 22:42 CST","Mar 05, 2017 12:47 CST",form-entry,atvae272,atvae272,866836020291621,Form Entry Completed,unknown,2.33.0
"Mar 03, 2017 22:42 CST","Mar 05, 2017 12:47 CST",form-entry,atvae272,atvae272,866836020291621,Form Entry Starting|http://openrosa.org/formdesigner/KAWOK3_ACTIVIDAD_KAWOK3_REGISTRAR_LLAMADAS,unknown,2.33.0
"Mar 03, 2017 22:44 CST","Mar 05, 2017 12:47 CST",form-entry,atvae272,atvae272,866836020291621,Form Entry Completed,unknown,2.33.0
"Mar 03, 2017 22:44 CST","Mar 05, 2017 12:47 CST",form-entry,atvae272,atvae272,866836020291621,Form Entry Completed,unknown,2.33.0
"Mar 03, 2017 22:44 CST","Mar 05, 2017 12:47 CST",form-entry,atvae272,atvae272,866836020291621,Form Entry Starting|http://openrosa.org/formdesigner/KAWOK3_ACTIVIDAD_KAWOK3_REGISTRAR_LLAMADAS,unknown,2.33.0
"Mar 03, 2017 22:45 CST","Mar 05, 2017 12:47 CST",form-entry,atvae272,atvae272,866836020291621,Form Entry Completed,unknown,2.33.0
"Mar 03, 2017 22:45 CST","Mar 05, 2017 12:47 CST",form-entry,atvae272,atvae272,866836020291621,Form Entry Completed,unknown,2.33.0
"Mar 03, 2017 22:45 CST","Mar 05, 2017 12:47 CST",form-entry,atvae272,atvae272,866836020291621,Form Entry Starting|http://openrosa.org/formdesigner/KAWOK3_ACTIVIDAD_KAWOK3_REGISTRAR_LLAMADAS,unknown,2.33.0
"Mar 03, 2017 22:47 CST","Mar 05, 2017 12:47 CST",form-entry,atvae272,atvae272,866836020291621,Form Entry Completed,unknown,2.33.0
"Mar 03, 2017 22:47 CST","Mar 05, 2017 12:47 CST",form-entry,atvae272,atvae272,866836020291621,Form Entry Completed,unknown,2.33.0
"Mar 03, 2017 22:47 CST","Mar 05, 2017 12:47 CST",form-entry,atvae272,atvae272,866836020291621,Form Entry Starting|http://openrosa.org/formdesigner/KAWOK3_ACTIVIDAD_KAWOK3_REGISTRAR_LLAMADAS,unknown,2.33.0
"Mar 03, 2017 22:52 CST","Mar 05, 2017 12:47 CST",form-entry,atvae272,atvae272,866836020291621,Form Entry Completed,unknown,2.33.0
"Mar 03, 2017 22:52 CST","Mar 05, 2017 12:47 CST",form-entry,atvae272,atvae272,866836020291621,Form Entry Completed,unknown,2.33.0
"Mar 03, 2017 22:53 CST","Mar 05, 2017 12:47 CST",form-entry,atvae272,atvae272,866836020291621,Form Entry Starting|http://openrosa.org/formdesigner/KAWOK3_ACTIVIDAD_KAWOK3_REGISTRAR_LLAMADAS,unknown,2.33.0
"Mar 03, 2017 22:56 CST","Mar 05, 2017 12:47 CST",form-entry,atvae272,atvae272,866836020291621,Form Entry Completed,unknown,2.33.0
"Mar 03, 2017 22:56 CST","Mar 05, 2017 12:47 CST",form-entry,atvae272,atvae272,866836020291621,Form Entry Completed,unknown,2.33.0
"Mar 03, 2017 22:57 CST","Mar 05, 2017 12:47 CST",form-entry,atvae272,atvae272,866836020291621,Form Entry Starting|http://openrosa.org/formdesigner/KAWOK3_ACTIVIDAD_KAWOK3_REGISTRAR_LLAMADAS,unknown,2.33.0
"Mar 03, 2017 22:59 CST","Mar 05, 2017 12:47 CST",form-entry,atvae272,atvae272,866836020291621,Form Entry Completed,unknown,2.33.0
"Mar 03, 2017 22:59 CST","Mar 05, 2017 12:47 CST",form-entry,atvae272,atvae272,866836020291621,Form Entry Completed,unknown,2.33.0
"Mar 03, 2017 22:59 CST","Mar 05, 2017 12:47 CST",form-entry,atvae272,atvae272,866836020291621,Form Entry Starting|http://openrosa.org/formdesigner/KAWOK3_ACTIVIDAD_KAWOK3_REGISTRAR_LLAMADAS,unknown,2.33.0
"Mar 03, 2017 23:05 CST","Mar 05, 2017 12:47 CST",form-entry,atvae272,atvae272,866836020291621,Form Entry Completed,unknown,2.33.0
"Mar 03, 2017 23:05 CST","Mar 05, 2017 12:47 CST",form-entry,atvae272,atvae272,866836020291621,Form Entry Completed,unknown,2.33.0
"Mar 03, 2017 23:05 CST","Mar 05, 2017 12:47 CST",form-entry,atvae272,atvae272,866836020291621,Form Entry Starting|http://openrosa.org/formdesigner/KAWOK3_ACTIVIDAD_KAWOK3_REGISTRAR_LLAMADAS,unknown,2.33.0
"Mar 03, 2017 23:08 CST","Mar 05, 2017 12:47 CST",form-entry,atvae272,atvae272,866836020291621,Form Entry Completed,unknown,2.33.0
"Mar 03, 2017 23:08 CST","Mar 05, 2017 12:47 CST",form-entry,atvae272,atvae272,866836020291621,Form Entry Completed,unknown,2.33.0
"Mar 03, 2017 23:08 CST","Mar 05, 2017 12:47 CST",form-entry,atvae272,atvae272,866836020291621,Form Entry Starting|http://openrosa.org/formdesigner/KAWOK3_ACTIVIDAD_KAWOK3_REGISTRAR_LLAMADAS,unknown,2.33.0
"Mar 03, 2017 23:08 CST","Mar 05, 2017 12:47 CST",form-entry,atvae272,atvae272,866836020291621,Form Entry Cancelled,unknown,2.33.0
"Mar 03, 2017 23:08 CST","Mar 05, 2017 12:47 CST",form-entry,atvae272,atvae272,866836020291621,Form Entry Starting|http://openrosa.org/formdesigner/KAWOK3_ACTIVIDAD_KAWOK3_REGISTRAR_LLAMADAS,unknown,2.33.0
"Mar 03, 2017 23:08 CST","Mar 05, 2017 12:47 CST",form-entry,atvae272,atvae272,866836020291621,Form Entry Cancelled,unknown,2.33.0
"Mar 03, 2017 23:09 CST","Mar 05, 2017 12:47 CST",form-entry,atvae272,atvae272,866836020291621,Form Entry Starting|http://openrosa.org/formdesigner/KAWOK3_PERSONA_KAWOK3_CONSULTA_EMBARAZO,unknown,2.33.0
"Mar 03, 2017 23:12 CST","Mar 05, 2017 12:47 CST",form-entry,atvae272,atvae272,866836020291621,Form Entry Completed,unknown,2.33.0
"Mar 03, 2017 23:12 CST","Mar 05, 2017 12:47 CST",form-entry,atvae272,atvae272,866836020291621,Form Entry Completed,unknown,2.33.0
"Mar 03, 2017 23:13 CST","Mar 05, 2017 12:47 CST",form-entry,atvae272,atvae272,866836020291621,Form Entry Starting|http://openrosa.org/formdesigner/KAWOK3_ACTIVIDAD_KAWOK3_REGISTRAR_LLAMADAS,unknown,2.33.0
"Mar 03, 2017 23:13 CST","Mar 05, 2017 12:47 CST",form-entry,atvae272,atvae272,866836020291621,Form Entry Cancelled,unknown,2.33.0
"Mar 03, 2017 23:13 CST","Mar 05, 2017 12:47 CST",form-entry,atvae272,atvae272,866836020291621,Form Entry Starting|http://openrosa.org/formdesigner/KAWOK3_PERSONA_KAWOK3_AGREGAR_PERSONA,unknown,2.33.0
"Mar 03, 2017 23:17 CST","Mar 05, 2017 12:47 CST",form-entry,atvae272,atvae272,866836020291621,Form Entry Cancelled,unknown,2.33.0
"Mar 03, 2017 23:18 CST","Mar 05, 2017 12:47 CST",form-entry,atvae272,atvae272,866836020291621,Form Entry Starting|http://openrosa.org/formdesigner/KAWOK3_PERSONA_KAWOK3_AGREGAR_PERSONA,unknown,2.33.0
"Mar 03, 2017 23:22 CST","Mar 05, 2017 12:47 CST",form-entry,atvae272,atvae272,866836020291621,Form Entry Completed,unknown,2.33.0
"Mar 03, 2017 23:22 CST","Mar 05, 2017 12:47 CST",form-entry,atvae272,atvae272,866836020291621,Form Entry Completed,unknown,2.33.0
"Mar 03, 2017 23:22 CST","Mar 05, 2017 12:47 CST",form-entry,atvae272,atvae272,866836020291621,Form Entry Starting|http://openrosa.org/formdesigner/KAWOK3_PERSONA_KAWOK3_AGREGAR_PERSONA,unknown,2.33.0
"Mar 03, 2017 23:28 CST","Mar 05, 2017 12:47 CST",form-entry,atvae272,atvae272,866836020291621,Form Entry Completed,unknown,2.33.0
"Mar 03, 2017 23:28 CST","Mar 05, 2017 12:47 CST",form-entry,atvae272,atvae272,866836020291621,Form Entry Completed,unknown,2.33.0
"Mar 05, 2017 20:23 CST","Mar 06, 2017 11:35 CST",form-entry,atvae272,atvae272,866836020291621,Form Entry Starting|http://openrosa.org/formdesigner/KAWOK3_ACTIVIDAD_KAWOK3_REGISTRAR_LLAMADAS,unknown,2.33.0
"Mar 05, 2017 20:26 CST","Mar 06, 2017 11:35 CST",form-entry,atvae272,atvae272,866836020291621,Form Entry Completed,unknown,2.33.0
"Mar 05, 2017 20:26 CST","Mar 06, 2017 11:35 CST",form-entry,atvae272,atvae272,866836020291621,Form Entry Completed,unknown,2.33.0
"Mar 05, 2017 20:27 CST","Mar 06, 2017 11:35 CST",form-entry,atvae272,atvae272,866836020291621,Form Entry Starting|http://openrosa.org/formdesigner/KAWOK3_ACTIVIDAD_KAWOK3_REGISTRAR_LLAMADAS,unknown,2.33.0
"Mar 05, 2017 20:44 CST","Mar 06, 2017 11:35 CST",form-entry,atvae272,atvae272,866836020291621,Form Entry Completed,unknown,2.33.0
"Mar 05, 2017 20:44 CST","Mar 06, 2017 11:35 CST",form-entry,atvae272,atvae272,866836020291621,Form Entry Completed,unknown,2.33.0
"Mar 05, 2017 20:44 CST","Mar 06, 2017 11:35 CST",form-entry,atvae272,atvae272,866836020291621,Form Entry Starting|http://openrosa.org/formdesigner/KAWOK3_ACTIVIDAD_KAWOK3_REGISTRAR_LLAMADAS,unknown,2.33.0
"Mar 05, 2017 20:47 CST","Mar 06, 2017 11:35 CST",form-entry,atvae272,atvae272,866836020291621,Form Entry Completed,unknown,2.33.0
"Mar 05, 2017 20:47 CST","Mar 06, 2017 11:35 CST",form-entry,atvae272,atvae272,866836020291621,Form Entry Completed,unknown,2.33.0
"Mar 05, 2017 20:47 CST","Mar 06, 2017 11:35 CST",form-entry,atvae272,atvae272,866836020291621,Form Entry Starting|http://openrosa.org/formdesigner/KAWOK3_ACTIVIDAD_KAWOK3_REGISTRAR_LLAMADAS,unknown,2.33.0
"Mar 05, 2017 20:48 CST","Mar 06, 2017 11:35 CST",form-entry,atvae272,atvae272,866836020291621,Form Entry Completed,unknown,2.33.0
"Mar 05, 2017 20:48 CST","Mar 06, 2017 11:35 CST",form-entry,atvae272,atvae272,866836020291621,Form Entry Completed,unknown,2.33.0
"Mar 05, 2017 20:49 CST","Mar 06, 2017 11:35 CST",form-entry,atvae272,atvae272,866836020291621,Form Entry Starting|http://openrosa.org/formdesigner/KAWOK3_ACTIVIDAD_KAWOK3_REGISTRAR_LLAMADAS,unknown,2.33.0
"Mar 05, 2017 20:49 CST","Mar 06, 2017 11:35 CST",form-entry,atvae272,atvae272,866836020291621,Form Entry Cancelled,unknown,2.33.0
"Mar 05, 2017 20:49 CST","Mar 06, 2017 11:35 CST",form-entry,atvae272,atvae272,866836020291621,Form Entry Starting|http://openrosa.org/formdesigner/KAWOK3_ACTIVIDAD_KAWOK3_REGISTRAR_LLAMADAS,unknown,2.33.0
"Mar 05, 2017 20:49 CST","Mar 06, 2017 11:35 CST",form-entry,atvae272,atvae272,866836020291621,Form Entry Cancelled,unknown,2.33.0
"Mar 05, 2017 20:50 CST","Mar 06, 2017 11:35 CST",form-entry,atvae272,atvae272,866836020291621,Form Entry Starting|http://openrosa.org/formdesigner/KAWOK3_ACTIVIDAD_KAWOK3_REGISTRAR_LLAMADAS,unknown,2.33.0
"Mar 05, 2017 20:51 CST","Mar 06, 2017 11:35 CST",form-entry,atvae272,atvae272,866836020291621,Form Entry Cancelled,unknown,2.33.0
"Mar 05, 2017 20:51 CST","Mar 06, 2017 11:35 CST",form-entry,atvae272,atvae272,866836020291621,Form Entry Starting|http://openrosa.org/formdesigner/KAWOK3_ACTIVIDAD_KAWOK3_REGISTRAR_LLAMADAS,unknown,2.33.0
"Mar 05, 2017 20:54 CST","Mar 06, 2017 11:35 CST",form-entry,atvae272,atvae272,866836020291621,Form Entry Completed,unknown,2.33.0
"Mar 05, 2017 20:54 CST","Mar 06, 2017 11:35 CST",form-entry,atvae272,atvae272,866836020291621,Form Entry Completed,unknown,2.33.0
"Mar 05, 2017 20:54 CST","Mar 06, 2017 11:35 CST",form-entry,atvae272,atvae272,866836020291621,Form Entry Starting|http://openrosa.org/formdesigner/KAWOK3_ACTIVIDAD_KAWOK3_REGISTRAR_LLAMADAS,unknown,2.33.0
"Mar 05, 2017 20:57 CST","Mar 06, 2017 11:35 CST",form-entry,atvae272,atvae272,866836020291621,Form Entry Completed,unknown,2.33.0
"Mar 05, 2017 20:57 CST","Mar 06, 2017 11:35 CST",form-entry,atvae272,atvae272,866836020291621,Form Entry Completed,unknown,2.33.0
"Mar 05, 2017 20:58 CST","Mar 06, 2017 11:35 CST",form-entry,atvae272,atvae272,866836020291621,Form Entry Starting|http://openrosa.org/formdesigner/KAWOK3_ACTIVIDAD_KAWOK3_REGISTRAR_LLAMADAS,unknown,2.33.0
"Mar 05, 2017 21:00 CST","Mar 06, 2017 11:35 CST",form-entry,atvae272,atvae272,866836020291621,Form Entry Completed,unknown,2.33.0
"Mar 05, 2017 21:00 CST","Mar 06, 2017 11:35 CST",form-entry,atvae272,atvae272,866836020291621,Form Entry Completed,unknown,2.33.0
"Mar 05, 2017 21:00 CST","Mar 06, 2017 11:35 CST",form-entry,atvae272,atvae272,866836020291621,Form Entry Starting|http://openrosa.org/formdesigner/KAWOK3_ACTIVIDAD_KAWOK3_REGISTRAR_LLAMADAS,unknown,2.33.0
"Mar 05, 2017 21:01 CST","Mar 06, 2017 11:35 CST",form-entry,atvae272,atvae272,866836020291621,Form Entry Completed,unknown,2.33.0
"Mar 05, 2017 21:01 CST","Mar 06, 2017 11:35 CST",form-entry,atvae272,atvae272,866836020291621,Form Entry Completed,unknown,2.33.0
"Mar 05, 2017 21:01 CST","Mar 06, 2017 11:35 CST",form-entry,atvae272,atvae272,866836020291621,Form Entry Starting|http://openrosa.org/formdesigner/KAWOK3_ACTIVIDAD_KAWOK3_REGISTRAR_LLAMADAS,unknown,2.33.0
"Mar 05, 2017 21:03 CST","Mar 06, 2017 11:35 CST",form-entry,atvae272,atvae272,866836020291621,Form Entry Completed,unknown,2.33.0
"Mar 05, 2017 21:03 CST","Mar 06, 2017 11:35 CST",form-entry,atvae272,atvae272,866836020291621,Form Entry Completed,unknown,2.33.0
"Mar 06, 2017 21:12 CST","Mar 07, 2017 08:29 CST",form-entry,atvae272,atvae272,866836020291621,Form Entry Starting|http://openrosa.org/formdesigner/KAWOK3_PERSONA_KAWOK3_AGREGAR_PERSONA,unknown,2.33.0
"Mar 06, 2017 22:10 CST","Mar 07, 2017 08:29 CST",form-entry,atvae272,atvae272,866836020291621,Form Entry Completed,unknown,2.33.0
"Mar 06, 2017 22:10 CST","Mar 07, 2017 08:29 CST",form-entry,atvae272,atvae272,866836020291621,Form Entry Completed,unknown,2.33.0
"Mar 06, 2017 22:11 CST","Mar 07, 2017 08:29 CST",form-entry,atvae272,atvae272,866836020291621,Form Entry Starting|http://openrosa.org/formdesigner/KAWOK3_ACTIVIDAD_KAWOK3_REGISTRAR_LLAMADAS,unknown,2.33.0
"Mar 06, 2017 22:13 CST","Mar 07, 2017 08:29 CST",form-entry,atvae272,atvae272,866836020291621,Form Entry Completed,unknown,2.33.0
"Mar 06, 2017 22:13 CST","Mar 07, 2017 08:29 CST",form-entry,atvae272,atvae272,866836020291621,Form Entry Completed,unknown,2.33.0
"Mar 06, 2017 22:14 CST","Mar 07, 2017 08:29 CST",form-entry,atvae272,atvae272,866836020291621,Form Entry Starting|http://openrosa.org/formdesigner/KAWOK3_ACTIVIDAD_KAWOK3_REGISTRAR_LLAMADAS,unknown,2.33.0
"Mar 06, 2017 22:15 CST","Mar 07, 2017 08:29 CST",form-entry,atvae272,atvae272,866836020291621,Form Entry Completed,unknown,2.33.0
"Mar 06, 2017 22:15 CST","Mar 07, 2017 08:29 CST",form-entry,atvae272,atvae272,866836020291621,Form Entry Completed,unknown,2.33.0
"Mar 06, 2017 22:15 CST","Mar 07, 2017 08:29 CST",form-entry,atvae272,atvae272,866836020291621,Form Entry Starting|http://openrosa.org/formdesigner/KAWOK3_ACTIVIDAD_KAWOK3_REGISTRAR_LLAMADAS,unknown,2.33.0
"Mar 06, 2017 22:16 CST","Mar 07, 2017 08:29 CST",form-entry,atvae272,atvae272,866836020291621,Form Entry Completed,unknown,2.33.0
"Mar 06, 2017 22:16 CST","Mar 07, 2017 08:29 CST",form-entry,atvae272,atvae272,866836020291621,Form Entry Completed,unknown,2.33.0
"Mar 06, 2017 22:16 CST","Mar 07, 2017 08:29 CST",form-entry,atvae272,atvae272,866836020291621,Form Entry Starting|http://openrosa.org/formdesigner/KAWOK3_ACTIVIDAD_KAWOK3_REGISTRAR_LLAMADAS,unknown,2.33.0
"Mar 06, 2017 22:18 CST","Mar 07, 2017 08:29 CST",form-entry,atvae272,atvae272,866836020291621,Form Entry Completed,unknown,2.33.0
"Mar 06, 2017 22:18 CST","Mar 07, 2017 08:29 CST",form-entry,atvae272,atvae272,866836020291621,Form Entry Completed,unknown,2.33.0
"Mar 07, 2017 08:30 CST","Mar 08, 2017 10:05 CST",form-entry,atvae272,atvae272,866836020291621,Form Entry Starting|http://openrosa.org/formdesigner/KAWOK3_ACTIVIDAD_KAWOK3_REGISTRAR_LLAMADAS,unknown,2.34.0
"Mar 07, 2017 08:31 CST","Mar 08, 2017 10:05 CST",form-entry,atvae272,atvae272,866836020291621,Form Entry Completed,unknown,2.34.0
"Mar 07, 2017 08:31 CST","Mar 08, 2017 10:05 CST",form-entry,atvae272,atvae272,866836020291621,Form Entry Completed,unknown,2.34.0
"Mar 07, 2017 08:31 CST","Mar 08, 2017 10:05 CST",form-entry,atvae272,atvae272,866836020291621,Form Entry Starting|http://openrosa.org/formdesigner/KAWOK3_ACTIVIDAD_KAWOK3_REGISTRAR_LLAMADAS,unknown,2.34.0
"Mar 07, 2017 08:33 CST","Mar 08, 2017 10:05 CST",form-entry,atvae272,atvae272,866836020291621,Form Entry Completed,unknown,2.34.0
"Mar 07, 2017 08:33 CST","Mar 08, 2017 10:05 CST",form-entry,atvae272,atvae272,866836020291621,Form Entry Completed,unknown,2.34.0
"Mar 07, 2017 10:43 CST","Mar 08, 2017 10:05 CST",form-entry,atvae272,atvae272,866836020291621,Form Entry Starting|http://openrosa.org/formdesigner/KAWOK3_ACTIVIDAD_KAWOK3_REGISTRAR_LLAMADAS,unknown,2.34.0
"Mar 07, 2017 10:45 CST","Mar 08, 2017 10:05 CST",form-entry,atvae272,atvae272,866836020291621,Form Entry Completed,unknown,2.34.0
"Mar 07, 2017 10:45 CST","Mar 08, 2017 10:05 CST",form-entry,atvae272,atvae272,866836020291621,Form Entry Completed,unknown,2.34.0
"Mar 07, 2017 16:05 CST","Mar 08, 2017 10:05 CST",form-entry,atvae272,atvae272,866836020291621,Form Entry Starting|http://openrosa.org/formdesigner/KAWOK3_NINGUNO_KAWOK3_SOBRE_EMBARAZO,unknown,2.34.0
"Mar 07, 2017 16:07 CST","Mar 08, 2017 10:05 CST",form-entry,atvae272,atvae272,866836020291621,Form Entry Completed for record with id 6c93b1dc-f4a2-4a15-8d07-b914924bf109,unknown,2.34.0
"Mar 07, 2017 16:07 CST","Mar 08, 2017 10:05 CST",form-entry,atvae272,atvae272,866836020291621,Form Entry Completed for record with id 6c93b1dc-f4a2-4a15-8d07-b914924bf109,unknown,2.34.0
"Mar 08, 2017 23:01 CST","Mar 09, 2017 16:23 CST",form-entry,atvae272,atvae272,866836020291621,Form Entry Starting|http://openrosa.org/formdesigner/KAWOK3_ACTIVIDAD_KAWOK3_REGISTRAR_LLAMADAS,unknown,2.34.0
"Mar 08, 2017 23:02 CST","Mar 09, 2017 16:23 CST",form-entry,atvae272,atvae272,866836020291621,Form Entry Completed for record with id 3fa402d9-f1b4-4b8a-9dd6-f6c2ee65790a,unknown,2.34.0
"Mar 08, 2017 23:02 CST","Mar 09, 2017 16:23 CST",form-entry,atvae272,atvae272,866836020291621,Form Entry Completed for record with id 3fa402d9-f1b4-4b8a-9dd6-f6c2ee65790a,unknown,2.34.0
"Mar 08, 2017 23:03 CST","Mar 09, 2017 16:23 CST",form-entry,atvae272,atvae272,866836020291621,Form Entry Starting|http://openrosa.org/formdesigner/KAWOK3_ACTIVIDAD_KAWOK3_REGISTRAR_LLAMADAS,unknown,2.34.0
"Mar 08, 2017 23:05 CST","Mar 09, 2017 16:23 CST",form-entry,atvae272,atvae272,866836020291621,Form Entry Completed for record with id b74e8818-6f64-499e-8202-2e5cb2c1869b,unknown,2.34.0
"Mar 08, 2017 23:05 CST","Mar 09, 2017 16:23 CST",form-entry,atvae272,atvae272,866836020291621,Form Entry Completed for record with id b74e8818-6f64-499e-8202-2e5cb2c1869b,unknown,2.34.0
"Mar 08, 2017 23:05 CST","Mar 09, 2017 16:23 CST",form-entry,atvae272,atvae272,866836020291621,Form Entry Starting|http://openrosa.org/formdesigner/KAWOK3_ACTIVIDAD_KAWOK3_REGISTRAR_LLAMADAS,unknown,2.34.0
"Mar 08, 2017 23:08 CST","Mar 09, 2017 16:23 CST",form-entry,atvae272,atvae272,866836020291621,Form Entry Completed for record with id ac433e21-e15b-4fac-b653-1cfd6dc6c10a,unknown,2.34.0
"Mar 08, 2017 23:08 CST","Mar 09, 2017 16:23 CST",form-entry,atvae272,atvae272,866836020291621,Form Entry Completed for record with id ac433e21-e15b-4fac-b653-1cfd6dc6c10a,unknown,2.34.0
"Mar 08, 2017 23:08 CST","Mar 09, 2017 16:23 CST",form-entry,atvae272,atvae272,866836020291621,Form Entry Starting|http://openrosa.org/formdesigner/KAWOK3_ACTIVIDAD_KAWOK3_REGISTRAR_LLAMADAS,unknown,2.34.0
"Mar 08, 2017 23:10 CST","Mar 09, 2017 16:23 CST",form-entry,atvae272,atvae272,866836020291621,Form Entry Completed for record with id 7ab94666-4220-4b90-9527-a9f1becc4302,unknown,2.34.0
"Mar 08, 2017 23:10 CST","Mar 09, 2017 16:23 CST",form-entry,atvae272,atvae272,866836020291621,Form Entry Completed for record with id 7ab94666-4220-4b90-9527-a9f1becc4302,unknown,2.34.0
"Mar 08, 2017 23:10 CST","Mar 09, 2017 16:23 CST",form-entry,atvae272,atvae272,866836020291621,Form Entry Starting|http://openrosa.org/formdesigner/KAWOK3_ACTIVIDAD_KAWOK3_REGISTRAR_LLAMADAS,unknown,2.34.0
"Mar 08, 2017 23:12 CST","Mar 09, 2017 16:23 CST",form-entry,atvae272,atvae272,866836020291621,Form Entry Completed for record with id d34c1e2b-f776-49d4-ad83-7fe2cf68ff57,unknown,2.34.0
"Mar 08, 2017 23:12 CST","Mar 09, 2017 16:23 CST",form-entry,atvae272,atvae272,866836020291621,Form Entry Completed for record with id d34c1e2b-f776-49d4-ad83-7fe2cf68ff57,unknown,2.34.0
"Mar 08, 2017 23:12 CST","Mar 09, 2017 16:23 CST",form-entry,atvae272,atvae272,866836020291621,Form Entry Starting|http://openrosa.org/formdesigner/KAWOK3_ACTIVIDAD_KAWOK3_REGISTRAR_LLAMADAS,unknown,2.34.0
"Mar 08, 2017 23:14 CST","Mar 09, 2017 16:23 CST",form-entry,atvae272,atvae272,866836020291621,Form Entry Completed for record with id d0baa36a-9886-4c43-9a33-434873d25888,unknown,2.34.0
"Mar 08, 2017 23:14 CST","Mar 09, 2017 16:23 CST",form-entry,atvae272,atvae272,866836020291621,Form Entry Completed for record with id d0baa36a-9886-4c43-9a33-434873d25888,unknown,2.34.0
"Mar 08, 2017 23:14 CST","Mar 09, 2017 16:23 CST",form-entry,atvae272,atvae272,866836020291621,Form Entry Starting|http://openrosa.org/formdesigner/KAWOK3_ACTIVIDAD_KAWOK3_REGISTRAR_LLAMADAS,unknown,2.34.0
"Mar 08, 2017 23:15 CST","Mar 09, 2017 16:23 CST",form-entry,atvae272,atvae272,866836020291621,Form Entry Completed for record with id b0fcfce6-6c60-4589-ad47-5215c6af3c78,unknown,2.34.0
"Mar 08, 2017 23:15 CST","Mar 09, 2017 16:23 CST",form-entry,atvae272,atvae272,866836020291621,Form Entry Completed for record with id b0fcfce6-6c60-4589-ad47-5215c6af3c78,unknown,2.34.0
"Mar 08, 2017 23:15 CST","Mar 09, 2017 16:23 CST",form-entry,atvae272,atvae272,866836020291621,Form Entry Starting|http://openrosa.org/formdesigner/KAWOK3_ACTIVIDAD_KAWOK3_REGISTRAR_LLAMADAS,unknown,2.34.0
"Mar 08, 2017 23:17 CST","Mar 09, 2017 16:23 CST",form-entry,atvae272,atvae272,866836020291621,Form Entry Completed for record with id 0a042088-a4ec-4f60-93ce-82b881a58ae1,unknown,2.34.0
"Mar 08, 2017 23:17 CST","Mar 09, 2017 16:23 CST",form-entry,atvae272,atvae272,866836020291621,Form Entry Completed for record with id 0a042088-a4ec-4f60-93ce-82b881a58ae1,unknown,2.34.0
"Mar 08, 2017 23:17 CST","Mar 09, 2017 16:23 CST",form-entry,atvae272,atvae272,866836020291621,Form Entry Starting|http://openrosa.org/formdesigner/KAWOK3_ACTIVIDAD_KAWOK3_REGISTRAR_LLAMADAS,unknown,2.34.0
"Mar 08, 2017 23:18 CST","Mar 09, 2017 16:23 CST",form-entry,atvae272,atvae272,866836020291621,Form Entry Completed for record with id caf5473c-e1f6-4043-8912-1d34285aa963,unknown,2.34.0
"Mar 08, 2017 23:18 CST","Mar 09, 2017 16:23 CST",form-entry,atvae272,atvae272,866836020291621,Form Entry Completed for record with id caf5473c-e1f6-4043-8912-1d34285aa963,unknown,2.34.0
"Mar 08, 2017 23:19 CST","Mar 09, 2017 16:23 CST",form-entry,atvae272,atvae272,866836020291621,Form Entry Starting|http://openrosa.org/formdesigner/KAWOK3_ACTIVIDAD_KAWOK3_REGISTRAR_LLAMADAS,unknown,2.34.0
"Mar 08, 2017 23:20 CST","Mar 09, 2017 16:23 CST",form-entry,atvae272,atvae272,866836020291621,Form Entry Completed for record with id 78f34c86-1bec-4d31-806c-dbe2a0a206d4,unknown,2.34.0
"Mar 08, 2017 23:20 CST","Mar 09, 2017 16:23 CST",form-entry,atvae272,atvae272,866836020291621,Form Entry Completed for record with id 78f34c86-1bec-4d31-806c-dbe2a0a206d4,unknown,2.34.0
"Mar 08, 2017 23:20 CST","Mar 09, 2017 16:23 CST",form-entry,atvae272,atvae272,866836020291621,Form Entry Starting|http://openrosa.org/formdesigner/KAWOK3_ACTIVIDAD_KAWOK3_REGISTRAR_LLAMADAS,unknown,2.34.0
"Mar 08, 2017 23:21 CST","Mar 09, 2017 16:23 CST",form-entry,atvae272,atvae272,866836020291621,Form Entry Completed for record with id ba1b2291-f4c2-46ac-993a-f1d6c122645e,unknown,2.34.0
"Mar 08, 2017 23:21 CST","Mar 09, 2017 16:23 CST",form-entry,atvae272,atvae272,866836020291621,Form Entry Completed for record with id ba1b2291-f4c2-46ac-993a-f1d6c122645e,unknown,2.34.0
"Mar 08, 2017 23:21 CST","Mar 09, 2017 16:23 CST",form-entry,atvae272,atvae272,866836020291621,Form Entry Starting|http://openrosa.org/formdesigner/KAWOK3_ACTIVIDAD_KAWOK3_REGISTRAR_LLAMADAS,unknown,2.34.0
"Mar 08, 2017 23:23 CST","Mar 09, 2017 16:23 CST",form-entry,atvae272,atvae272,866836020291621,Form Entry Completed for record with id 21d59ab7-23c7-4dec-8f1e-b4e25f88e902,unknown,2.34.0
"Mar 08, 2017 23:23 CST","Mar 09, 2017 16:23 CST",form-entry,atvae272,atvae272,866836020291621,Form Entry Completed for record with id 21d59ab7-23c7-4dec-8f1e-b4e25f88e902,unknown,2.34.0
"Mar 08, 2017 23:23 CST","Mar 09, 2017 16:23 CST",form-entry,atvae272,atvae272,866836020291621,Form Entry Starting|http://openrosa.org/formdesigner/KAWOK3_ACTIVIDAD_KAWOK3_REGISTRAR_LLAMADAS,unknown,2.34.0
"Mar 08, 2017 23:24 CST","Mar 09, 2017 16:23 CST",form-entry,atvae272,atvae272,866836020291621,Form Entry Completed for record with id 84949391-69e7-4451-9fe5-0325310b4302,unknown,2.34.0
"Mar 08, 2017 23:24 CST","Mar 09, 2017 16:23 CST",form-entry,atvae272,atvae272,866836020291621,Form Entry Completed for record with id 84949391-69e7-4451-9fe5-0325310b4302,unknown,2.34.0
"Mar 10, 2017 13:15 CST","Mar 12, 2017 17:05 CST",form-entry,atvae272,atvae272,866836020291621,Form Entry Starting|http://openrosa.org/formdesigner/KAWOK3_NINGUNO_KAWOK3_SOBRE_NINO,unknown,2.34.0
"Mar 10, 2017 13:17 CST","Mar 12, 2017 17:05 CST",form-entry,atvae272,atvae272,866836020291621,Form Entry Completed for record with id 3b0b30c9-04ac-473b-b402-490203efbfd2,unknown,2.34.0
"Mar 10, 2017 13:17 CST","Mar 12, 2017 17:05 CST",form-entry,atvae272,atvae272,866836020291621,Form Entry Completed for record with id 3b0b30c9-04ac-473b-b402-490203efbfd2,unknown,2.34.0
"Mar 10, 2017 14:04 CST","Mar 12, 2017 17:05 CST",form-entry,atvae272,atvae272,866836020291621,Form Entry Starting|http://openrosa.org/formdesigner/KAWOK3_ACTIVIDAD_KAWOK3_REGISTRAR_LLAMADAS,unknown,2.34.0
"Mar 10, 2017 14:08 CST","Mar 12, 2017 17:05 CST",form-entry,atvae272,atvae272,866836020291621,Form Entry Cancelled,unknown,2.34.0
"Mar 10, 2017 18:01 CST","Mar 12, 2017 17:05 CST",form-entry,atvae272,atvae272,866836020291621,Form Entry Starting|http://openrosa.org/formdesigner/KAWOK3_ACTIVIDAD_KAWOK3_REGISTRAR_LLAMADAS,unknown,2.34.0
"Mar 10, 2017 18:02 CST","Mar 12, 2017 17:05 CST",form-entry,atvae272,atvae272,866836020291621,Form Entry Completed for record with id bf8698b1-7ebf-4a52-966e-b9feec691ce2,unknown,2.34.0
"Mar 10, 2017 18:02 CST","Mar 12, 2017 17:05 CST",form-entry,atvae272,atvae272,866836020291621,Form Entry Completed for record with id bf8698b1-7ebf-4a52-966e-b9feec691ce2,unknown,2.34.0
"Mar 10, 2017 18:02 CST","Mar 12, 2017 17:05 CST",form-entry,atvae272,atvae272,866836020291621,Form Entry Starting|http://openrosa.org/formdesigner/KAWOK3_ACTIVIDAD_KAWOK3_REGISTRAR_LLAMADAS,unknown,2.34.0
"Mar 10, 2017 18:04 CST","Mar 12, 2017 17:05 CST",form-entry,atvae272,atvae272,866836020291621,Form Entry Completed for record with id f3b2c4ae-fc70-40f6-8644-cd42e316af16,unknown,2.34.0
"Mar 10, 2017 18:04 CST","Mar 12, 2017 17:05 CST",form-entry,atvae272,atvae272,866836020291621,Form Entry Completed for record with id f3b2c4ae-fc70-40f6-8644-cd42e316af16,unknown,2.34.0
"Mar 10, 2017 18:04 CST","Mar 12, 2017 17:05 CST",form-entry,atvae272,atvae272,866836020291621,Form Entry Starting|http://openrosa.org/formdesigner/KAWOK3_ACTIVIDAD_KAWOK3_REGISTRAR_LLAMADAS,unknown,2.34.0
"Mar 10, 2017 18:07 CST","Mar 12, 2017 17:05 CST",form-entry,atvae272,atvae272,866836020291621,Form Entry Completed for record with id 13b342f1-7f50-4dcf-9022-29d3e276b970,unknown,2.34.0
"Mar 10, 2017 18:07 CST","Mar 12, 2017 17:05 CST",form-entry,atvae272,atvae272,866836020291621,Form Entry Completed for record with id 13b342f1-7f50-4dcf-9022-29d3e276b970,unknown,2.34.0
"Mar 10, 2017 18:07 CST","Mar 12, 2017 17:05 CST",form-entry,atvae272,atvae272,866836020291621,Form Entry Starting|http://openrosa.org/formdesigner/KAWOK3_ACTIVIDAD_KAWOK3_REGISTRAR_LLAMADAS,unknown,2.34.0
"Mar 10, 2017 18:08 CST","Mar 12, 2017 17:05 CST",form-entry,atvae272,atvae272,866836020291621,Form Entry Completed for record with id df9ac370-e29e-480a-97a5-5a0b599564a9,unknown,2.34.0
"Mar 10, 2017 18:08 CST","Mar 12, 2017 17:05 CST",form-entry,atvae272,atvae272,866836020291621,Form Entry Completed for record with id df9ac370-e29e-480a-97a5-5a0b599564a9,unknown,2.34.0
"Mar 10, 2017 18:08 CST","Mar 12, 2017 17:05 CST",form-entry,atvae272,atvae272,866836020291621,Form Entry Starting|http://openrosa.org/formdesigner/KAWOK3_ACTIVIDAD_KAWOK3_REGISTRAR_LLAMADAS,unknown,2.34.0
"Mar 10, 2017 18:09 CST","Mar 12, 2017 17:05 CST",form-entry,atvae272,atvae272,866836020291621,Form Entry Completed for record with id 87797a75-1ce0-4a38-b647-0ebe08f483ff,unknown,2.34.0
"Mar 10, 2017 18:09 CST","Mar 12, 2017 17:05 CST",form-entry,atvae272,atvae272,866836020291621,Form Entry Completed for record with id 87797a75-1ce0-4a38-b647-0ebe08f483ff,unknown,2.34.0
"Mar 10, 2017 18:09 CST","Mar 12, 2017 17:05 CST",form-entry,atvae272,atvae272,866836020291621,Form Entry Starting|http://openrosa.org/formdesigner/KAWOK3_ACTIVIDAD_KAWOK3_REGISTRAR_LLAMADAS,unknown,2.34.0
"Mar 10, 2017 18:13 CST","Mar 12, 2017 17:05 CST",form-entry,atvae272,atvae272,866836020291621,Form Entry Completed for record with id ff251881-fad3-423c-a002-cc2985ea70f8,unknown,2.34.0
"Mar 10, 2017 18:13 CST","Mar 12, 2017 17:05 CST",form-entry,atvae272,atvae272,866836020291621,Form Entry Completed for record with id ff251881-fad3-423c-a002-cc2985ea70f8,unknown,2.34.0
"Mar 10, 2017 18:14 CST","Mar 12, 2017 17:05 CST",form-entry,atvae272,atvae272,866836020291621,Form Entry Starting|http://openrosa.org/formdesigner/KAWOK3_ACTIVIDAD_KAWOK3_REGISTRAR_LLAMADAS,unknown,2.34.0
"Mar 10, 2017 18:15 CST","Mar 12, 2017 17:05 CST",form-entry,atvae272,atvae272,866836020291621,Form Entry Completed for record with id 2df76326-4c20-4ada-8251-53749302866a,unknown,2.34.0
"Mar 10, 2017 18:15 CST","Mar 12, 2017 17:05 CST",form-entry,atvae272,atvae272,866836020291621,Form Entry Completed for record with id 2df76326-4c20-4ada-8251-53749302866a,unknown,2.34.0
"Mar 10, 2017 18:15 CST","Mar 12, 2017 17:05 CST",form-entry,atvae272,atvae272,866836020291621,Form Entry Starting|http://openrosa.org/formdesigner/KAWOK3_ACTIVIDAD_KAWOK3_REGISTRAR_LLAMADAS,unknown,2.34.0
"Mar 10, 2017 18:17 CST","Mar 12, 2017 17:05 CST",form-entry,atvae272,atvae272,866836020291621,Form Entry Completed for record with id 090c2323-fff9-4348-959d-cdccf76a76c8,unknown,2.34.0
"Mar 10, 2017 18:17 CST","Mar 12, 2017 17:05 CST",form-entry,atvae272,atvae272,866836020291621,Form Entry Completed for record with id 090c2323-fff9-4348-959d-cdccf76a76c8,unknown,2.34.0
"Mar 10, 2017 18:17 CST","Mar 12, 2017 17:05 CST",form-entry,atvae272,atvae272,866836020291621,Form Entry Starting|http://openrosa.org/formdesigner/KAWOK3_ACTIVIDAD_KAWOK3_REGISTRAR_LLAMADAS,unknown,2.34.0
"Mar 10, 2017 18:18 CST","Mar 12, 2017 17:05 CST",form-entry,atvae272,atvae272,866836020291621,Form Entry Completed for record with id c3e53820-313f-4284-a484-eff2b4d6c0dc,unknown,2.34.0
"Mar 10, 2017 18:18 CST","Mar 12, 2017 17:05 CST",form-entry,atvae272,atvae272,866836020291621,Form Entry Completed for record with id c3e53820-313f-4284-a484-eff2b4d6c0dc,unknown,2.34.0
"Mar 10, 2017 18:18 CST","Mar 12, 2017 17:05 CST",form-entry,atvae272,atvae272,866836020291621,Form Entry Starting|http://openrosa.org/formdesigner/KAWOK3_ACTIVIDAD_KAWOK3_REGISTRAR_LLAMADAS,unknown,2.34.0
"Mar 10, 2017 18:19 CST","Mar 12, 2017 17:05 CST",form-entry,atvae272,atvae272,866836020291621,Form Entry Completed for record with id 534f42ce-057c-46f4-bfcb-c711d7c50524,unknown,2.34.0
"Mar 10, 2017 18:19 CST","Mar 12, 2017 17:05 CST",form-entry,atvae272,atvae272,866836020291621,Form Entry Completed for record with id 534f42ce-057c-46f4-bfcb-c711d7c50524,unknown,2.34.0
"Mar 10, 2017 18:19 CST","Mar 12, 2017 17:05 CST",form-entry,atvae272,atvae272,866836020291621,Form Entry Starting|http://openrosa.org/formdesigner/KAWOK3_ACTIVIDAD_KAWOK3_REGISTRAR_LLAMADAS,unknown,2.34.0
"Mar 10, 2017 18:20 CST","Mar 12, 2017 17:05 CST",form-entry,atvae272,atvae272,866836020291621,Form Entry Completed for record with id 551206d0-d418-4fa1-a90c-71297ab01a04,unknown,2.34.0
"Mar 10, 2017 18:20 CST","Mar 12, 2017 17:05 CST",form-entry,atvae272,atvae272,866836020291621,Form Entry Completed for record with id 551206d0-d418-4fa1-a90c-71297ab01a04,unknown,2.34.0
"Mar 10, 2017 18:20 CST","Mar 12, 2017 17:05 CST",form-entry,atvae272,atvae272,866836020291621,Form Entry Starting|http://openrosa.org/formdesigner/KAWOK3_ACTIVIDAD_KAWOK3_REGISTRAR_LLAMADAS,unknown,2.34.0
"Mar 10, 2017 18:22 CST","Mar 12, 2017 17:05 CST",form-entry,atvae272,atvae272,866836020291621,Form Entry Completed for record with id 1f3f3b62-76b0-459d-9b38-f9f9412f35c7,unknown,2.34.0
"Mar 10, 2017 18:22 CST","Mar 12, 2017 17:05 CST",form-entry,atvae272,atvae272,866836020291621,Form Entry Completed for record with id 1f3f3b62-76b0-459d-9b38-f9f9412f35c7,unknown,2.34.0
"Mar 10, 2017 18:22 CST","Mar 12, 2017 17:05 CST",form-entry,atvae272,atvae272,866836020291621,Form Entry Starting|http://openrosa.org/formdesigner/KAWOK3_ACTIVIDAD_KAWOK3_REGISTRAR_LLAMADAS,unknown,2.34.0
"Mar 10, 2017 18:26 CST","Mar 12, 2017 17:05 CST",form-entry,atvae272,atvae272,866836020291621,Form Entry Completed for record with id 75eb40d8-3fea-42e3-a648-50984979756c,unknown,2.34.0
"Mar 10, 2017 18:26 CST","Mar 12, 2017 17:05 CST",form-entry,atvae272,atvae272,866836020291621,Form Entry Completed for record with id 75eb40d8-3fea-42e3-a648-50984979756c,unknown,2.34.0
"Mar 10, 2017 18:26 CST","Mar 12, 2017 17:05 CST",form-entry,atvae272,atvae272,866836020291621,Form Entry Starting|http://openrosa.org/formdesigner/KAWOK3_ACTIVIDAD_KAWOK3_REGISTRAR_LLAMADAS,unknown,2.34.0
"Mar 10, 2017 18:28 CST","Mar 12, 2017 17:05 CST",form-entry,atvae272,atvae272,866836020291621,Form Entry Completed for record with id aca3e758-a2aa-43bc-8ece-8dc2fc87a6d5,unknown,2.34.0
"Mar 10, 2017 18:28 CST","Mar 12, 2017 17:05 CST",form-entry,atvae272,atvae272,866836020291621,Form Entry Completed for record with id aca3e758-a2aa-43bc-8ece-8dc2fc87a6d5,unknown,2.34.0
"Mar 12, 2017 19:54 CST","Mar 13, 2017 17:32 CST",form-entry,atvae272,atvae272,866836020291621,Form Entry Starting|http://openrosa.org/formdesigner/KAWOK3_ACTIVIDAD_KAWOK3_REGISTRAR_LLAMADAS,unknown,2.34.0
"Mar 12, 2017 19:56 CST","Mar 13, 2017 17:32 CST",form-entry,atvae272,atvae272,866836020291621,Form Entry Completed for record with id b667eb8a-7f70-400a-b630-af85d8b53536,unknown,2.34.0
"Mar 12, 2017 19:56 CST","Mar 13, 2017 17:32 CST",form-entry,atvae272,atvae272,866836020291621,Form Entry Completed for record with id b667eb8a-7f70-400a-b630-af85d8b53536,unknown,2.34.0
"Mar 12, 2017 19:56 CST","Mar 13, 2017 17:32 CST",form-entry,atvae272,atvae272,866836020291621,Form Entry Starting|http://openrosa.org/formdesigner/KAWOK3_ACTIVIDAD_KAWOK3_REGISTRAR_LLAMADAS,unknown,2.34.0
"Mar 12, 2017 19:57 CST","Mar 13, 2017 17:32 CST",form-entry,atvae272,atvae272,866836020291621,Form Entry Completed for record with id f8d18442-9ea1-44c7-88b7-89ea6f21879c,unknown,2.34.0
"Mar 12, 2017 19:57 CST","Mar 13, 2017 17:32 CST",form-entry,atvae272,atvae272,866836020291621,Form Entry Completed for record with id f8d18442-9ea1-44c7-88b7-89ea6f21879c,unknown,2.34.0
"Mar 12, 2017 19:57 CST","Mar 13, 2017 17:32 CST",form-entry,atvae272,atvae272,866836020291621,Form Entry Starting|http://openrosa.org/formdesigner/KAWOK3_ACTIVIDAD_KAWOK3_REGISTRAR_LLAMADAS,unknown,2.34.0
"Mar 12, 2017 20:00 CST","Mar 13, 2017 17:32 CST",form-entry,atvae272,atvae272,866836020291621,Form Entry Completed for record with id 781a5fad-1245-44f6-9926-973c66eea0bb,unknown,2.34.0
"Mar 12, 2017 20:00 CST","Mar 13, 2017 17:32 CST",form-entry,atvae272,atvae272,866836020291621,Form Entry Completed for record with id 781a5fad-1245-44f6-9926-973c66eea0bb,unknown,2.34.0
"Mar 14, 2017 10:30 CST","Mar 16, 2017 21:39 CST",form-entry,atvae272,atvae272,866836020291621,Form Entry Starting|http://openrosa.org/formdesigner/KAWOK3_ACTIVIDAD_KAWOK3_REGISTRAR_LLAMADAS,unknown,2.34.0
"Mar 14, 2017 10:31 CST","Mar 16, 2017 21:39 CST",form-entry,atvae272,atvae272,866836020291621,Form Entry Completed for record with id 34207849-2d1d-4c25-bad4-135122292a58,unknown,2.34.0
"Mar 14, 2017 10:31 CST","Mar 16, 2017 21:39 CST",form-entry,atvae272,atvae272,866836020291621,Form Entry Completed for record with id 34207849-2d1d-4c25-bad4-135122292a58,unknown,2.34.0
"Mar 14, 2017 10:32 CST","Mar 16, 2017 21:39 CST",form-entry,atvae272,atvae272,866836020291621,Form Entry Starting|http://openrosa.org/formdesigner/KAWOK3_ACTIVIDAD_KAWOK3_REGISTRAR_LLAMADAS,unknown,2.34.0
"Mar 14, 2017 10:32 CST","Mar 16, 2017 21:39 CST",form-entry,atvae272,atvae272,866836020291621,Form Entry Cancelled,unknown,2.34.0
"Mar 20, 2017 12:11 CST","Mar 21, 2017 07:28 CST",form-entry,atvae272,atvae272,866836020291621,Form Entry Starting|http://openrosa.org/formdesigner/KAWOK3_ACTIVIDAD_KAWOK3_REGISTRAR_LLAMADAS,unknown,2.34.0
"Mar 20, 2017 12:18 CST","Mar 21, 2017 07:28 CST",form-entry,atvae272,atvae272,866836020291621,Form Entry Completed for record with id 09558c44-b21f-4bc0-ba27-062051a18151,unknown,2.34.0
"Mar 20, 2017 12:18 CST","Mar 21, 2017 07:28 CST",form-entry,atvae272,atvae272,866836020291621,Form Entry Completed for record with id 09558c44-b21f-4bc0-ba27-062051a18151,unknown,2.34.0
"Mar 20, 2017 12:19 CST","Mar 21, 2017 07:28 CST",form-entry,atvae272,atvae272,866836020291621,Form Entry Starting|http://openrosa.org/formdesigner/KAWOK3_ACTIVIDAD_KAWOK3_REGISTRAR_LLAMADAS,unknown,2.34.0
"Mar 20, 2017 12:20 CST","Mar 21, 2017 07:28 CST",form-entry,atvae272,atvae272,866836020291621,Form Entry Completed for record with id 18311397-ad12-4651-9c31-89143276d47f,unknown,2.34.0
"Mar 20, 2017 12:20 CST","Mar 21, 2017 07:28 CST",form-entry,atvae272,atvae272,866836020291621,Form Entry Completed for record with id 18311397-ad12-4651-9c31-89143276d47f,unknown,2.34.0
"Mar 20, 2017 12:24 CST","Mar 21, 2017 07:28 CST",form-entry,atvae272,atvae272,866836020291621,Form Entry Starting|http://openrosa.org/formdesigner/KAWOK3_ACTIVIDAD_KAWOK3_REGISTRAR_LLAMADAS,unknown,2.34.0
"Mar 20, 2017 12:25 CST","Mar 21, 2017 07:28 CST",form-entry,atvae272,atvae272,866836020291621,Form Entry Completed for record with id 5f0727ec-bad9-4c41-b2e1-e41e1194bc18,unknown,2.34.0
"Mar 20, 2017 12:25 CST","Mar 21, 2017 07:28 CST",form-entry,atvae272,atvae272,866836020291621,Form Entry Completed for record with id 5f0727ec-bad9-4c41-b2e1-e41e1194bc18,unknown,2.34.0
"Mar 20, 2017 13:15 CST","Mar 21, 2017 07:28 CST",form-entry,atvae272,atvae272,866836020291621,Form Entry Starting|http://openrosa.org/formdesigner/KAWOK3_ACTIVIDAD_KAWOK3_REGISTRAR_LLAMADAS,unknown,2.34.0
"Mar 20, 2017 13:16 CST","Mar 21, 2017 07:28 CST",form-entry,atvae272,atvae272,866836020291621,Form Entry Completed for record with id 37ecbe11-1312-4389-8c2b-cc1fac830ac9,unknown,2.34.0
"Mar 20, 2017 13:16 CST","Mar 21, 2017 07:28 CST",form-entry,atvae272,atvae272,866836020291621,Form Entry Completed for record with id 37ecbe11-1312-4389-8c2b-cc1fac830ac9,unknown,2.34.0
"Mar 20, 2017 13:37 CST","Mar 21, 2017 07:28 CST",form-entry,atvae272,atvae272,866836020291621,Form Entry Starting|http://openrosa.org/formdesigner/KAWOK3_ACTIVIDAD_KAWOK3_REGISTRAR_LLAMADAS,unknown,2.34.0
"Mar 20, 2017 13:38 CST","Mar 21, 2017 07:28 CST",form-entry,atvae272,atvae272,866836020291621,Form Entry Completed for record with id 65f9b856-7eaf-4b50-8a9e-19aa5b3d7da2,unknown,2.34.0
"Mar 20, 2017 13:38 CST","Mar 21, 2017 07:28 CST",form-entry,atvae272,atvae272,866836020291621,Form Entry Completed for record with id 65f9b856-7eaf-4b50-8a9e-19aa5b3d7da2,unknown,2.34.0
"Mar 20, 2017 13:38 CST","Mar 21, 2017 07:28 CST",form-entry,atvae272,atvae272,866836020291621,Form Entry Starting|http://openrosa.org/formdesigner/KAWOK3_ACTIVIDAD_KAWOK3_REGISTRAR_LLAMADAS,unknown,2.34.0
"Mar 20, 2017 13:39 CST","Mar 21, 2017 07:28 CST",form-entry,atvae272,atvae272,866836020291621,Form Entry Completed for record with id bddae3a4-23ed-45e7-9396-982976592ce1,unknown,2.34.0
"Mar 20, 2017 13:39 CST","Mar 21, 2017 07:28 CST",form-entry,atvae272,atvae272,866836020291621,Form Entry Completed for record with id bddae3a4-23ed-45e7-9396-982976592ce1,unknown,2.34.0
"Mar 20, 2017 13:39 CST","Mar 21, 2017 07:28 CST",form-entry,atvae272,atvae272,866836020291621,Form Entry Starting|http://openrosa.org/formdesigner/KAWOK3_ACTIVIDAD_KAWOK3_REGISTRAR_LLAMADAS,unknown,2.34.0
"Mar 20, 2017 13:43 CST","Mar 21, 2017 07:28 CST",form-entry,atvae272,atvae272,866836020291621,Form Entry Completed for record with id f532769b-efd8-413d-9219-73025337b85f,unknown,2.34.0
"Mar 20, 2017 13:43 CST","Mar 21, 2017 07:28 CST",form-entry,atvae272,atvae272,866836020291621,Form Entry Completed for record with id f532769b-efd8-413d-9219-73025337b85f,unknown,2.34.0
"Mar 20, 2017 18:43 CST","Mar 21, 2017 07:28 CST",form-entry,atvae272,atvae272,866836020291621,Form Entry Starting|http://openrosa.org/formdesigner/KAWOK3_ACTIVIDAD_KAWOK3_REGISTRAR_LLAMADAS,unknown,2.34.0
"Mar 20, 2017 18:45 CST","Mar 21, 2017 07:28 CST",form-entry,atvae272,atvae272,866836020291621,Form Entry Completed for record with id 6903a2a4-d7e5-4897-a3be-6a2ba3746bca,unknown,2.34.0
"Mar 20, 2017 18:45 CST","Mar 21, 2017 07:28 CST",form-entry,atvae272,atvae272,866836020291621,Form Entry Completed for record with id 6903a2a4-d7e5-4897-a3be-6a2ba3746bca,unknown,2.34.0
"Mar 20, 2017 18:45 CST","Mar 21, 2017 07:28 CST",form-entry,atvae272,atvae272,866836020291621,Form Entry Starting|http://openrosa.org/formdesigner/KAWOK3_ACTIVIDAD_KAWOK3_REGISTRAR_LLAMADAS,unknown,2.34.0
"Mar 20, 2017 18:46 CST","Mar 21, 2017 07:28 CST",form-entry,atvae272,atvae272,866836020291621,Form Entry Completed for record with id 823ef620-f196-4f4c-a49d-01ba32dee905,unknown,2.34.0
"Mar 20, 2017 18:46 CST","Mar 21, 2017 07:28 CST",form-entry,atvae272,atvae272,866836020291621,Form Entry Completed for record with id 823ef620-f196-4f4c-a49d-01ba32dee905,unknown,2.34.0
"Mar 20, 2017 18:46 CST","Mar 21, 2017 07:28 CST",form-entry,atvae272,atvae272,866836020291621,Form Entry Starting|http://openrosa.org/formdesigner/KAWOK3_ACTIVIDAD_KAWOK3_REGISTRAR_LLAMADAS,unknown,2.34.0
"Mar 20, 2017 19:05 CST","Mar 21, 2017 07:28 CST",form-entry,atvae272,atvae272,866836020291621,Form Entry Completed for record with id 88716906-bed7-404c-a189-0c0e03e12852,unknown,2.34.0
"Mar 20, 2017 19:05 CST","Mar 21, 2017 07:28 CST",form-entry,atvae272,atvae272,866836020291621,Form Entry Completed for record with id 88716906-bed7-404c-a189-0c0e03e12852,unknown,2.34.0
"Mar 21, 2017 10:43 CST","Mar 24, 2017 21:35 CST",form-entry,atvae272,atvae272,866836020291621,Form Entry Starting|http://openrosa.org/formdesigner/KAWOK3_ACTIVIDAD_KAWOK3_REGISTRAR_LLAMADAS,unknown,2.34.0
"Mar 21, 2017 10:46 CST","Mar 24, 2017 21:35 CST",form-entry,atvae272,atvae272,866836020291621,Form Entry Completed for record with id bb9f013f-5bdf-4b6f-9ff0-5c46e207788b,unknown,2.34.0
"Mar 21, 2017 10:46 CST","Mar 24, 2017 21:35 CST",form-entry,atvae272,atvae272,866836020291621,Form Entry Completed for record with id bb9f013f-5bdf-4b6f-9ff0-5c46e207788b,unknown,2.34.0